{
  "dataset": "CIFAR-100",
  "rq1": {
    "accuracy": 0.519,
    "precision": 0.5202558635394456,
    "recall": 0.488,
    "auc": 0.5223773333333334
  },
  "rq2": {
    "2": {
      "accuracy": 0.485,
      "precision": 0.4847457627118644,
      "recall": 0.4766666666666667,
      "auc": 0.4979444444444444,
      "global_acc": 0.38119998574256897
    },
    "5": {
      "accuracy": 0.4766666666666667,
      "precision": 0.4746376811594203,
      "recall": 0.43666666666666665,
      "auc": 0.48487777777777774,
      "global_acc": 0.32499998807907104
    },
    "10": {
      "accuracy": 0.505,
      "precision": 0.5049833887043189,
      "recall": 0.5066666666666667,
      "auc": 0.4964222222222223,
      "global_acc": 0.2709999978542328
    }
  },
  "rq3": {
    "small": {
      "accuracy": 0.5066666666666667,
      "precision": 0.5065359477124183,
      "recall": 0.5166666666666667,
      "auc": 0.49596666666666667,
      "global_acc": 0.3271999955177307
    },
    "large": {
      "accuracy": 0.51,
      "precision": 0.5107142857142857,
      "recall": 0.4766666666666667,
      "auc": 0.49310000000000004,
      "global_acc": 0.3750999867916107
    }
  },
  "cifar10_rq1_for_comparison": {
    "accuracy": 0.4857,
    "precision": 0.4805,
    "recall": 0.354,
    "auc": 0.4914
  }
}