{
  "dataset": "CIFAR-10",
  "rq1": {
    "accuracy": 0.4856666666666667,
    "precision": 0.4805429864253394,
    "recall": 0.354,
    "auc": 0.49142311111111114
  },
  "rq2": {
    "2": {
      "accuracy": 0.49666666666666665,
      "precision": 0.49603174603174605,
      "recall": 0.4166666666666667,
      "auc": 0.4870111111111111,
      "global_acc": 0.7164999842643738
    },
    "5": {
      "accuracy": 0.5033333333333333,
      "precision": 0.5040650406504065,
      "recall": 0.41333333333333333,
      "auc": 0.4963000000000001,
      "global_acc": 0.6923999786376953
    },
    "10": {
      "accuracy": 0.54,
      "precision": 0.5444444444444444,
      "recall": 0.49,
      "auc": 0.5109333333333334,
      "global_acc": 0.6431999802589417
    }
  },
  "rq3": {
    "small": {
      "accuracy": 0.5133333333333333,
      "precision": 0.5155038759689923,
      "recall": 0.44333333333333336,
      "auc": 0.5259111111111111,
      "global_acc": 0.685699999332428
    },
    "large": {
      "accuracy": 0.5066666666666667,
      "precision": 0.5059171597633136,
      "recall": 0.57,
      "auc": 0.4909111111111111,
      "global_acc": 0.7555000185966492
    }
  }
}