{
  "cifar100_iid": {
    "global_acc": 0.3880000114440918,
    "round_accs": [
      0.09860000014305115,
      0.24240000545978546,
      0.29409998655319214,
      0.3294000029563904,
      0.3537999987602234,
      0.3628999888896942,
      0.37529999017715454,
      0.38359999656677246,
      0.38580000400543213,
      0.3880000114440918
    ],
    "lr_auc": 0.5260345679012346,
    "lr_acc": 0.5188888888888888,
    "lr_recall": 0.49444444444444446,
    "loss_auc": 0.5603658333333333
  },
  "cifar100_noniid": {
    "global_acc": 0.24869999289512634,
    "round_accs": [
      0.08240000158548355,
      0.16210000216960907,
      0.18799999356269836,
      0.2223999947309494,
      0.24369999766349792,
      0.25,
      0.2467000037431717,
      0.2529999911785126,
      0.250900000333786,
      0.24869999289512634
    ],
    "lr_auc": 0.5191728395061728,
    "lr_acc": 0.5066666666666667,
    "lr_recall": 0.4988888888888889,
    "loss_auc": 0.5754173333333333
  }
}