{
  "cifar10_iid": {
    "global_acc": 0.7225000262260437,
    "round_accs": [
      0.4903999865055084,
      0.6269999742507935,
      0.6636000275611877,
      0.6859999895095825,
      0.7020999789237976,
      0.713100016117096,
      0.7203999757766724,
      0.72079998254776,
      0.7250000238418579,
      0.7225000262260437
    ],
    "lr_auc": 0.4958814814814815,
    "lr_acc": 0.49944444444444447,
    "lr_recall": 0.4722222222222222,
    "loss_auc": 0.5465162777777778
  },
  "cifar10_noniid": {
    "global_acc": 0.4999000132083893,
    "round_accs": [
      0.3447999954223633,
      0.3709000051021576,
      0.40209999680519104,
      0.448199987411499,
      0.48660001158714294,
      0.5019000172615051,
      0.5054000020027161,
      0.5059999823570251,
      0.5078999996185303,
      0.4999000132083893
    ],
    "lr_auc": 0.5326654320987654,
    "lr_acc": 0.5061111111111111,
    "lr_recall": 0.6455555555555555,
    "loss_auc": 0.5722336666666666
  }
}